{"cameraMode":{"drawMode":0,"name":"Shaded","section":"Shading Mode"},"sceneLighting":true,"audioPlay":false,"sceneViewState":{"m_AlwaysRefresh":false,"showFog":true,"showSkybox":true,"showFlares":true,"showImageEffects":true,"showParticleSystems":true,"showVisualEffectGraphs":true,"m_FxEnabled":true},"in2DMode":false,"pivot":{"x":14.181161880493164,"y":83.09845733642578,"z":-292.7605285644531},"rotation":{"x":-0.44781842827796938,"y":-0.04664158076047897,"z":0.023394184187054635,"w":-0.8926223516464233},"size":61.468353271484378,"orthographic":false}